IDMessage;Battery;Value;W/h;amps
0;B0;2.93;;
0;B1;2.94;;
0;B2;2.97;;
0;B3;2.94;;
0;B4;2.99;;
0;B5;2.93;;
;;;0;0
0;B0;2.94;;
0;B1;2.97;;
0;B2;2.98;;
0;B3;2.94;;
0;B4;3;;
0;B5;2.94;;
;;;0;0
0;B0;2.94;;
0;B1;2.96;;
0;B2;2.99;;
0;B3;2.96;;
0;B4;3.01;;
0;B5;2.94;;
;;;0;0
0;B0;2.7;;
0;B1;2.7;;
0;B2;2.74;;
0;B3;2.65;;
0;B4;2.76;;
0;B5;2.68;;
;;;0.12;11.05
0;B0;2.86;;
0;B1;2.87;;
0;B2;2.89;;
0;B3;2.86;;
0;B4;2.91;;
0;B5;2.85;;
;;;3.49;0
0;B0;2.87;;
0;B1;2.89;;
0;B2;2.92;;
0;B3;2.87;;
0;B4;2.94;;
0;B5;2.87;;
;;;3.5;0
0;B0;2.88;;
0;B1;2.88;;
0;B2;2.93;;
0;B3;2.85;;
0;B4;2.94;;
0;B5;2.86;;
;;;3.51;1.61
0;B0;2.79;;
0;B1;2.79;;
0;B2;2.83;;
0;B3;2.78;;
0;B4;2.85;;
0;B5;2.78;;
;;;6;0
0;B0;2.05;;
0;B1;1.9;;
0;B2;2.03;;
0;B3;1.83;;
0;B4;2.02;;
0;B5;1.87;;
;;;14.02;34.6
0;B0;2.16;;
0;B1;2.06;;
0;B2;2.16;;
0;B3;2.01;;
0;B4;2.15;;
0;B5;2.03;;
;;;16.73;29.32
0;B0;2.23;;
0;B1;2.14;;
0;B2;2.23;;
0;B3;2.08;;
0;B4;2.22;;
0;B5;2.11;;
;;;23.05;24.94
0;B0;2.24;;
0;B1;2.14;;
0;B2;2.26;;
0;B3;2.1;;
0;B4;2.25;;
0;B5;2.13;;
;;;25;24.05
0;B0;2.22;;
0;B1;2.25;;
0;B2;2.21;;
0;B3;2.08;;
0;B4;2.34;;
0;B5;2.1;;
;;;31.13;24.77
0;B0;2.75;;
0;B1;2.74;;
0;B2;2.79;;
0;B3;2.77;;
0;B4;2.8;;
0;B5;2.74;;
;;;31.19;0
0;B0;2.81;;
0;B1;2.8;;
0;B2;2.86;;
0;B3;2.79;;
0;B4;2.86;;
0;B5;2.8;;
;;;31.3;0
0;B0;2.82;;
0;B1;2.83;;
0;B2;2.87;;
0;B3;2.81;;
0;B4;2.87;;
0;B5;2.81;;
;;;31.3;1.16
0;B0;2.84;;
0;B1;2.84;;
0;B2;2.88;;
0;B3;2.84;;
0;B4;2.9;;
0;B5;2.84;;
;;;31.54;0
0;B0;2.85;;
0;B1;2.86;;
0;B2;2.9;;
0;B3;2.83;;
0;B4;2.9;;
0;B5;2.84;;
;;;31.55;0
0;B0;1.95;;
0;B1;1.79;;
0;B2;1.95;;
0;B3;1.72;;
0;B4;1.91;;
0;B5;1.75;;
;;;34.97;42.65
0;B0;2.03;;
0;B1;1.89;;
0;B2;2.02;;
0;B3;1.84;;
0;B4;2.04;;
0;B5;1.86;;
;;;37.9;36.88
0;B0;2.79;;
0;B1;2.78;;
0;B2;2.83;;
0;B3;2.78;;
0;B4;2.84;;
0;B5;2.78;;
;;;40.42;0.94
0;B0;2.3;;
0;B1;2.21;;
0;B2;2.33;;
0;B3;2.21;;
0;B4;2.32;;
0;B5;2.21;;
;;;40.97;25.55
0;B0;2.39;;
0;B1;2.29;;
0;B2;2.41;;
0;B3;2.25;;
0;B4;2.39;;
0;B5;2.29;;
;;;43.35;21.71
0;B0;2.79;;
0;B1;2.78;;
0;B2;2.83;;
0;B3;2.79;;
0;B4;2.85;;
0;B5;2.79;;
;;;44.46;0
0;B0;2.68;;
0;B1;2.65;;
0;B2;2.71;;
0;B3;2.63;;
0;B4;2.71;;
0;B5;2.64;;
;;;45.96;6.39
0;B0;2.82;;
0;B1;2.82;;
0;B2;2.86;;
0;B3;2.83;;
0;B4;2.87;;
0;B5;2.82;;
;;;46.08;0.78
0;B0;2.59;;
0;B1;2.54;;
0;B2;2.62;;
0;B3;2.53;;
0;B4;2.63;;
0;B5;2.54;;
;;;47.12;12.44
0;B0;2.84;;
0;B1;2.83;;
0;B2;2.88;;
0;B3;2.83;;
0;B4;2.89;;
0;B5;2.83;;
;;;47.44;1.55
0;B0;2.86;;
0;B1;2.85;;
0;B2;2.9;;
0;B3;2.86;;
0;B4;2.92;;
0;B5;2.86;;
;;;47.52;0
0;B0;2.86;;
0;B1;2.87;;
0;B2;2.91;;
0;B3;2.87;;
0;B4;2.92;;
0;B5;2.86;;
;;;47.53;0
0;B0;2.87;;
0;B1;2.88;;
0;B2;2.92;;
0;B3;2.85;;
0;B4;2.91;;
0;B5;2.87;;
;;;47.57;0
0;B0;2.88;;
0;B1;2.89;;
0;B2;2.92;;
0;B3;2.87;;
0;B4;2.93;;
0;B5;2.87;;
;;;47.58;0
0;B0;2.88;;
0;B1;2.89;;
0;B2;2.92;;
0;B3;2.87;;
0;B4;2.93;;
0;B5;2.87;;
;;;47.61;1.22
0;B0;2.88;;
0;B1;2.89;;
0;B2;2.93;;
0;B3;2.87;;
0;B4;2.92;;
0;B5;2.88;;
;;;47.62;0
0;B0;2.71;;
0;B1;2.74;;
0;B2;2.82;;
0;B3;2.71;;
0;B4;2.76;;
0;B5;2.66;;
;;;47.69;8.05
0;B0;2.64;;
0;B1;2.62;;
0;B2;2.67;;
0;B3;2.58;;
0;B4;2.67;;
0;B5;2.58;;
;;;48.39;11.72
0;B0;1.99;;
0;B1;1.85;;
0;B2;1.98;;
0;B3;1.79;;
0;B4;1.98;;
0;B5;1.83;;
;;;52.94;36.16
0;B0;2.03;;
0;B1;1.89;;
0;B2;2.02;;
0;B3;1.83;;
0;B4;2.03;;
0;B5;1.86;;
;;;55.97;39.21
0;B0;2.34;;
0;B1;2.27;;
0;B2;2.37;;
0;B3;2.26;;
0;B4;2.44;;
0;B5;2.31;;
;;;58.1;21.05
0;B0;2.79;;
0;B1;2.78;;
0;B2;2.83;;
0;B3;2.77;;
0;B4;2.82;;
0;B5;2.78;;
;;;58.76;0.83
0;B0;2.73;;
0;B1;2.72;;
0;B2;2.77;;
0;B3;2.7;;
0;B4;2.77;;
0;B5;2.72;;
;;;60.98;2.77
0;B0;2.77;;
0;B1;2.77;;
0;B2;2.82;;
0;B3;2.74;;
0;B4;2.84;;
0;B5;2.77;;
;;;61.07;2.33
0;B0;2.79;;
0;B1;2.77;;
0;B2;2.82;;
0;B3;2.76;;
0;B4;2.83;;
0;B5;2.77;;
;;;66.08;1.05
0;B0;2.02;;
0;B1;1.95;;
0;B2;2.02;;
0;B3;1.83;;
0;B4;2.01;;
0;B5;1.85;;
;;;67.29;33.6
0;B0;2.76;;
0;B1;2.75;;
0;B2;2.8;;
0;B3;2.73;;
0;B4;2.8;;
0;B5;2.75;;
;;;69.97;1.94
0;B0;2.8;;
0;B1;2.8;;
0;B2;2.85;;
0;B3;2.78;;
0;B4;2.85;;
0;B5;2.79;;
;;;70.07;0.72
0;B0;2.79;;
0;B1;2.78;;
0;B2;2.82;;
0;B3;2.76;;
0;B4;2.83;;
0;B5;2.75;;
;;;70.65;2.55
0;B0;2.79;;
0;B1;2.78;;
0;B2;2.85;;
0;B3;2.8;;
0;B4;2.84;;
0;B5;2.78;;
;;;72.18;0
0;B0;2.73;;
0;B1;2.7;;
0;B2;2.76;;
0;B3;2.68;;
0;B4;2.75;;
0;B5;2.69;;
;;;72.72;5.61
0;B0;2.58;;
0;B1;2.55;;
0;B2;2.62;;
0;B3;2.54;;
0;B4;2.65;;
0;B5;2.54;;
;;;74.01;12.05
0;B0;2.45;;
0;B1;2.38;;
0;B2;2.47;;
0;B3;2.35;;
0;B4;2.49;;
0;B5;2.37;;
;;;75.23;19.1
0;B0;2.34;;
0;B1;2.28;;
0;B2;2.38;;
0;B3;2.24;;
0;B4;2.37;;
0;B5;2.26;;
;;;75.91;24.83
0;B0;2.72;;
0;B1;2.69;;
0;B2;2.76;;
0;B3;2.68;;
0;B4;2.79;;
0;B5;2.7;;
;;;79.15;2.33
0;B0;2.81;;
0;B1;2.8;;
0;B2;2.87;;
0;B3;2.83;;
0;B4;2.87;;
0;B5;2.8;;
;;;79.23;0.78
0;B0;2.28;;
0;B1;2.16;;
0;B2;2.26;;
0;B3;2.17;;
0;B4;2.24;;
0;B5;2.1;;
;;;81.48;26.38
0;B0;2.79;;
0;B1;2.78;;
0;B2;2.83;;
0;B3;2.77;;
0;B4;2.84;;
0;B5;2.78;;
;;;82.72;0.83
0;B0;2.34;;
0;B1;2.27;;
0;B2;2.36;;
0;B3;2.23;;
0;B4;2.35;;
0;B5;2.24;;
;;;85.21;23.44
0;B0;2.8;;
0;B1;2.79;;
0;B2;2.85;;
0;B3;2.79;;
0;B4;2.83;;
0;B5;2.79;;
;;;85.71;0.89
0;B0;2.76;;
0;B1;2.75;;
0;B2;2.8;;
0;B3;2.75;;
0;B4;2.8;;
0;B5;2.75;;
;;;88.5;2.11
0;B0;2.75;;
0;B1;2.73;;
0;B2;2.79;;
0;B3;2.74;;
0;B4;2.79;;
0;B5;2.74;;
;;;90.56;0.72
0;B0;2.69;;
0;B1;2.67;;
0;B2;2.74;;
0;B3;2.67;;
0;B4;2.75;;
0;B5;2.68;;
;;;96.59;0
0;B0;2.75;;
0;B1;2.74;;
0;B2;2.8;;
0;B3;2.74;;
0;B4;2.82;;
0;B5;2.75;;
;;;96.88;0
0;B0;2.69;;
0;B1;2.66;;
0;B2;2.71;;
0;B3;2.66;;
0;B4;2.73;;
0;B5;2.68;;
;;;104.3;0
0;B0;2.72;;
0;B1;2.7;;
0;B2;2.76;;
0;B3;2.7;;
0;B4;2.76;;
0;B5;2.71;;
;;;104.39;1.61
0;B0;2.35;;
0;B1;2.27;;
0;B2;2.36;;
0;B3;2.25;;
0;B4;2.35;;
0;B5;2.27;;
;;;114.32;17.33
0;B0;2.75;;
0;B1;2.72;;
0;B2;2.78;;
0;B3;2.72;;
0;B4;2.81;;
0;B5;2.73;;
;;;116.4;0.89
0;B0;1.94;;
0;B1;1.79;;
0;B2;1.93;;
0;B3;1.74;;
0;B4;1.92;;
0;B5;1.77;;
;;;119;35.04
0;B0;2.73;;
0;B1;2.69;;
0;B2;2.76;;
0;B3;2.7;;
0;B4;2.76;;
0;B5;2.71;;
;;;123;0
0;B0;2.71;;
0;B1;2.68;;
0;B2;2.74;;
0;B3;2.71;;
0;B4;2.77;;
0;B5;2.7;;
;;;123.32;1.83
0;B0;2.79;;
0;B1;2.77;;
0;B2;2.83;;
0;B3;2.77;;
0;B4;2.83;;
0;B5;2.78;;
;;;123.76;0
0;B0;2.64;;
0;B1;2.59;;
0;B2;2.67;;
0;B3;2.61;;
0;B4;2.66;;
0;B5;2.59;;
;;;124.94;7.22
0;B0;2.23;;
0;B1;2.13;;
0;B2;2.24;;
0;B3;2.11;;
0;B4;2.27;;
0;B5;2.12;;
;;;127.67;24.99
0;B0;2.28;;
0;B1;2.2;;
0;B2;2.3;;
0;B3;2.14;;
0;B4;2.27;;
0;B5;2.21;;
;;;129.77;25.16
0;B0;1.95;;
0;B1;1.81;;
0;B2;1.96;;
0;B3;1.74;;
0;B4;1.93;;
0;B5;1.79;;
;;;132.84;37.04
0;B0;2.19;;
0;B1;2.08;;
0;B2;2.19;;
0;B3;2.05;;
0;B4;2.17;;
0;B5;2.08;;
;;;139.32;23.38
0;B0;2.18;;
0;B1;2.08;;
0;B2;2.19;;
0;B3;2.09;;
0;B4;2.21;;
0;B5;2.07;;
;;;141.16;23.49
0;B0;2.76;;
0;B1;2.73;;
0;B2;2.78;;
0;B3;2.73;;
0;B4;2.79;;
0;B5;2.74;;
;;;142.68;0
0;B0;2.58;;
0;B1;2.53;;
0;B2;2.6;;
0;B3;2.51;;
0;B4;2.62;;
0;B5;2.52;;
;;;142.75;12.44
0;B0;2.44;;
0;B1;2.38;;
0;B2;2.46;;
0;B3;2.35;;
0;B4;2.46;;
0;B5;2.38;;
;;;145.99;13.99
0;B0;2.63;;
0;B1;2.57;;
0;B2;2.66;;
0;B3;2.6;;
0;B4;2.66;;
0;B5;2.58;;
;;;147.03;5.27
0;B0;2.6;;
0;B1;2.55;;
0;B2;2.63;;
0;B3;2.54;;
0;B4;2.62;;
0;B5;2.56;;
;;;149;8.5
0;B0;2.79;;
0;B1;2.77;;
0;B2;2.83;;
0;B3;2.78;;
0;B4;2.85;;
0;B5;2.78;;
;;;149.43;0.89
0;B0;2.81;;
0;B1;2.8;;
0;B2;2.85;;
0;B3;2.79;;
0;B4;2.87;;
0;B5;2.8;;
;;;149.64;0
0;B0;2.53;;
0;B1;2.48;;
0;B2;2.55;;
0;B3;2.45;;
0;B4;2.54;;
0;B5;2.47;;
;;;149.72;15.11
0;B0;2.37;;
0;B1;2.29;;
0;B2;2.38;;
0;B3;2.25;;
0;B4;2.38;;
0;B5;2.29;;
;;;152.05;21.44
0;B0;2.56;;
0;B1;2.45;;
0;B2;2.59;;
0;B3;2.53;;
0;B4;2.53;;
0;B5;2.47;;
;;;154.03;12.05
0;B0;2.8;;
0;B1;2.78;;
0;B2;2.85;;
0;B3;2.8;;
0;B4;2.84;;
0;B5;2.79;;
;;;155.4;0
0;B0;2.78;;
0;B1;2.76;;
0;B2;2.82;;
0;B3;2.76;;
0;B4;2.83;;
0;B5;2.77;;
;;;157.94;1.33
0;B0;2.4;;
0;B1;2.32;;
0;B2;2.43;;
0;B3;2.31;;
0;B4;2.43;;
0;B5;2.33;;
;;;159.75;16.38
0;B0;2.16;;
0;B1;2.04;;
0;B2;2.17;;
0;B3;2;;
0;B4;2.15;;
0;B5;2.02;;
;;;161.82;29.88
0;B0;2.51;;
0;B1;2.46;;
0;B2;2.54;;
0;B3;2.44;;
0;B4;2.54;;
0;B5;2.46;;
;;;163.52;12.77
0;B0;2.1;;
0;B1;1.99;;
0;B2;2.11;;
0;B3;1.95;;
0;B4;2.09;;
0;B5;1.97;;
;;;165.65;31.05
0;B0;2.69;;
0;B1;2.67;;
0;B2;2.72;;
0;B3;2.68;;
0;B4;2.74;;
0;B5;2.68;;
;;;171.57;0
0;B0;2.74;;
0;B1;2.71;;
0;B2;2.76;;
0;B3;2.72;;
0;B4;2.78;;
0;B5;2.72;;
;;;174.7;0.72
0;B0;2.64;;
0;B1;2.63;;
0;B2;2.7;;
0;B3;2.63;;
0;B4;2.69;;
0;B5;2.64;;
;;;174.76;5.77
0;B0;2.28;;
0;B1;2.17;;
0;B2;2.29;;
0;B3;2.15;;
0;B4;2.28;;
0;B5;2.17;;
;;;177.4;23.1
0;B0;2.05;;
0;B1;1.92;;
0;B2;2.05;;
0;B3;1.88;;
0;B4;2.02;;
0;B5;1.91;;
;;;179.48;33.38
0;B0;2.73;;
0;B1;2.71;;
0;B2;2.77;;
0;B3;2.73;;
0;B4;2.78;;
0;B5;2.72;;
;;;183.28;0
0;B0;2.75;;
0;B1;2.74;;
0;B2;2.78;;
0;B3;2.76;;
0;B4;2.8;;
0;B5;2.75;;
;;;183.32;0
0;B0;2.6;;
0;B1;2.55;;
0;B2;2.64;;
0;B3;2.55;;
0;B4;2.63;;
0;B5;2.55;;
;;;187.95;5.44
0;B0;2.74;;
0;B1;2.72;;
0;B2;2.78;;
0;B3;2.72;;
0;B4;2.79;;
0;B5;2.72;;
;;;188.15;0
0;B0;2.79;;
0;B1;2.77;;
0;B2;2.83;;
0;B3;2.77;;
0;B4;2.84;;
0;B5;2.78;;
;;;188.27;0.78
0;B0;2.8;;
0;B1;2.78;;
0;B2;2.85;;
0;B3;2.79;;
0;B4;2.85;;
0;B5;2.8;;
;;;188.29;0
0;B0;2.49;;
0;B1;2.42;;
0;B2;2.52;;
0;B3;2.44;;
0;B4;2.52;;
0;B5;2.43;;
;;;190;13.22
0;B0;2.73;;
0;B1;2.7;;
0;B2;2.78;;
0;B3;2.7;;
0;B4;2.8;;
0;B5;2.71;;
;;;191.6;2.11
0;B0;2.78;;
0;B1;2.76;;
0;B2;2.81;;
0;B3;2.77;;
0;B4;2.83;;
0;B5;2.77;;
;;;192.75;0
0;B0;2.78;;
0;B1;2.75;;
0;B2;2.83;;
0;B3;2.76;;
0;B4;2.83;;
0;B5;2.76;;
;;;192.95;1.05
0;B0;2.8;;
0;B1;2.78;;
0;B2;2.85;;
0;B3;2.79;;
0;B4;2.84;;
0;B5;2.8;;
;;;194.28;0.72
0;B0;2.8;;
0;B1;2.78;;
0;B2;2.84;;
0;B3;2.8;;
0;B4;2.86;;
0;B5;2.8;;
;;;194.32;0
0;B0;2.83;;
0;B1;2.81;;
0;B2;2.88;;
0;B3;2.83;;
0;B4;2.9;;
0;B5;2.83;;
;;;194.41;0
0;B0;2.84;;
0;B1;2.82;;
0;B2;2.88;;
0;B3;2.84;;
0;B4;2.88;;
0;B5;2.85;;
;;;194.41;0
0;B0;2.85;;
0;B1;2.83;;
0;B2;2.9;;
0;B3;2.86;;
0;B4;2.89;;
0;B5;2.84;;
;;;194.41;0
0;B0;2.85;;
0;B1;2.82;;
0;B2;2.9;;
0;B3;2.85;;
0;B4;2.89;;
0;B5;2.85;;
;;;194.41;0
0;B0;2.66;;
0;B1;2.6;;
0;B2;2.68;;
0;B3;2.6;;
0;B4;2.67;;
0;B5;2.6;;
;;;194.6;9.66
0;B0;2.78;;
0;B1;2.76;;
0;B2;2.83;;
0;B3;2.79;;
0;B4;2.84;;
0;B5;2.77;;
;;;197.89;0
0;B0;2.81;;
0;B1;2.79;;
0;B2;2.86;;
0;B3;2.81;;
0;B4;2.85;;
0;B5;2.8;;
;;;197.91;0
0;B0;2.78;;
0;B1;2.76;;
0;B2;2.83;;
0;B3;2.77;;
0;B4;2.83;;
0;B5;2.77;;
;;;200.55;0
0;B0;2.8;;
0;B1;2.78;;
0;B2;2.85;;
0;B3;2.79;;
0;B4;2.84;;
0;B5;2.79;;
;;;200.58;0
0;B0;1.94;;
0;B1;1.81;;
0;B2;1.95;;
0;B3;1.77;;
0;B4;1.92;;
0;B5;1.79;;
;;;206.7;38.1
0;B0;2.58;;
0;B1;2.53;;
0;B2;2.61;;
0;B3;2.53;;
0;B4;2.61;;
0;B5;2.55;;
;;;207.89;5.55
0;B0;2.47;;
0;B1;2.41;;
0;B2;2.51;;
0;B3;2.38;;
0;B4;2.52;;
0;B5;2.39;;
;;;210.2;12.38
0;B0;2.69;;
0;B1;2.65;;
0;B2;2.71;;
0;B3;2.66;;
0;B4;2.72;;
0;B5;2.67;;
;;;211.29;2.66
0;B0;2.34;;
0;B1;2.25;;
0;B2;2.36;;
0;B3;2.23;;
0;B4;2.36;;
0;B5;2.25;;
;;;214.88;18.38
0;B0;2.74;;
0;B1;2.71;;
0;B2;2.77;;
0;B3;2.72;;
0;B4;2.79;;
0;B5;2.72;;
;;;217.91;0
0;B0;2.76;;
0;B1;2.73;;
0;B2;2.8;;
0;B3;2.74;;
0;B4;2.82;;
0;B5;2.75;;
;;;220.04;0.72
0;B0;2.32;;
0;B1;2.24;;
0;B2;2.35;;
0;B3;2.22;;
0;B4;2.34;;
0;B5;2.24;;
;;;220.19;25.55
0;B0;2.5;;
0;B1;2.44;;
0;B2;2.53;;
0;B3;2.43;;
0;B4;2.55;;
0;B5;2.45;;
;;;223.75;11.72
0;B0;2.56;;
0;B1;2.5;;
0;B2;2.6;;
0;B3;2.5;;
0;B4;2.6;;
0;B5;2.5;;
;;;224.4;8.38
0;B0;2.77;;
0;B1;2.76;;
0;B2;2.81;;
0;B3;2.75;;
0;B4;2.82;;
0;B5;2.75;;
;;;225.33;1.11
0;B0;2.79;;
0;B1;2.76;;
0;B2;2.83;;
0;B3;2.77;;
0;B4;2.83;;
0;B5;2.78;;
;;;225.39;0
0;B0;2.75;;
0;B1;2.72;;
0;B2;2.8;;
0;B3;2.75;;
0;B4;2.8;;
0;B5;2.74;;
;;;227;1.44
0;B0;2.79;;
0;B1;2.76;;
0;B2;2.83;;
0;B3;2.76;;
0;B4;2.83;;
0;B5;2.77;;
;;;229.07;1.33
0;B0;2.81;;
0;B1;2.79;;
0;B2;2.86;;
0;B3;2.82;;
0;B4;2.89;;
0;B5;2.8;;
;;;229.17;0
0;B0;2.82;;
0;B1;2.79;;
0;B2;2.87;;
0;B3;2.8;;
0;B4;2.88;;
0;B5;2.8;;
;;;229.19;0
0;B0;2.65;;
0;B1;2.6;;
0;B2;2.68;;
0;B3;2.59;;
0;B4;2.68;;
0;B5;2.63;;
;;;229.86;8.11
0;B0;2.82;;
0;B1;2.78;;
0;B2;2.86;;
0;B3;2.83;;
0;B4;2.88;;
0;B5;2.81;;
;;;229.99;0.78
0;B0;2.84;;
0;B1;2.81;;
0;B2;2.88;;
0;B3;2.84;;
0;B4;2.9;;
0;B5;2.83;;
;;;230.12;0
0;B0;2.84;;
0;B1;2.82;;
0;B2;2.89;;
0;B3;2.82;;
0;B4;2.91;;
0;B5;2.83;;
;;;230.12;0
0;B0;2.84;;
0;B1;2.82;;
0;B2;2.89;;
0;B3;2.82;;
0;B4;2.89;;
0;B5;2.84;;
;;;230.51;0
0;B0;2.84;;
0;B1;2.82;;
0;B2;2.9;;
0;B3;2.82;;
0;B4;2.91;;
0;B5;2.83;;
;;;230.53;0
0;B0;2.84;;
0;B1;2.82;;
0;B2;2.9;;
0;B3;2.86;;
0;B4;2.9;;
0;B5;2.86;;
;;;230.53;0
0;B0;2.85;;
0;B1;2.83;;
0;B2;2.91;;
0;B3;2.86;;
0;B4;2.91;;
0;B5;2.84;;
;;;230.54;0
0;B0;2.85;;
0;B1;2.83;;
0;B2;2.91;;
0;B3;2.84;;
0;B4;2.9;;
0;B5;2.85;;
;;;230.54;0
0;B0;2.85;;
0;B1;2.84;;
0;B2;2.9;;
0;B3;2.84;;
0;B4;2.9;;
0;B5;2.84;;
;;;230.54;0
0;B0;2.86;;
0;B1;2.83;;
0;B2;2.92;;
0;B3;2.87;;
0;B4;2.93;;
0;B5;2.85;;
;;;230.54;0
0;B0;2.86;;
0;B1;2.83;;
0;B2;2.9;;
0;B3;2.84;;
0;B4;2.91;;
0;B5;2.85;;
;;;230.54;0
0;B0;2.84;;
0;B1;2.82;;
0;B2;2.9;;
0;B3;2.85;;
0;B4;2.89;;
0;B5;2.84;;
;;;231.18;0
0;B0;2.85;;
0;B1;2.83;;
0;B2;2.89;;
0;B3;2.83;;
0;B4;2.9;;
0;B5;2.83;;
;;;231.18;0
0;B0;2.78;;
0;B1;2.75;;
0;B2;2.82;;
0;B3;2.76;;
0;B4;2.83;;
0;B5;2.75;;
;;;232;3.33
0;B0;2.8;;
0;B1;2.77;;
0;B2;2.85;;
0;B3;2.79;;
0;B4;2.84;;
0;B5;2.78;;
;;;232.28;2.77
0;B0;2.85;;
0;B1;2.82;;
0;B2;2.9;;
0;B3;2.83;;
0;B4;2.92;;
0;B5;2.84;;
;;;232.62;0
0;B0;2.86;;
0;B1;2.83;;
0;B2;2.91;;
0;B3;2.86;;
0;B4;2.92;;
0;B5;2.84;;
;;;232.63;0
0;B0;2.45;;
0;B1;2.38;;
0;B2;2.49;;
0;B3;2.36;;
0;B4;2.47;;
0;B5;2.37;;
;;;233.48;19.49
0;B0;2.64;;
0;B1;2.59;;
0;B2;2.67;;
0;B3;2.59;;
0;B4;2.69;;
0;B5;2.59;;
;;;236.3;7.55
0;B0;1.93;;
0;B1;1.78;;
0;B2;1.94;;
0;B3;1.71;;
0;B4;1.93;;
0;B5;1.75;;
;;;237.2;43.32
0;B0;2.16;;
0;B1;2.04;;
0;B2;2.16;;
0;B3;2;;
0;B4;2.15;;
0;B5;2.03;;
;;;242.33;28.44
0;B0;2.76;;
0;B1;2.73;;
0;B2;2.8;;
0;B3;2.74;;
0;B4;2.82;;
0;B5;2.74;;
;;;244;0.72
0;B0;2.79;;
0;B1;2.76;;
0;B2;2.83;;
0;B3;2.79;;
0;B4;2.84;;
0;B5;2.76;;
;;;244;0
0;B0;2.81;;
0;B1;2.79;;
0;B2;2.86;;
0;B3;2.79;;
0;B4;2.86;;
0;B5;2.79;;
;;;244.15;0
0;B0;2.4;;
0;B1;2.3;;
0;B2;2.42;;
0;B3;2.29;;
0;B4;2.42;;
0;B5;2.3;;
;;;245.3;17.72
0;B0;2.79;;
0;B1;2.77;;
0;B2;2.84;;
0;B3;2.79;;
0;B4;2.84;;
0;B5;2.78;;
;;;246.76;0.78
0;B0;2.74;;
0;B1;2.71;;
0;B2;2.77;;
0;B3;2.72;;
0;B4;2.79;;
0;B5;2.72;;
;;;247.89;1.22
0;B0;2.07;;
0;B1;1.93;;
0;B2;2.07;;
0;B3;1.89;;
0;B4;2.07;;
0;B5;1.92;;
;;;248.59;28.32
0;B0;2.7;;
0;B1;2.67;;
0;B2;2.74;;
0;B3;2.68;;
0;B4;2.75;;
0;B5;2.68;;
;;;255.38;2.22
0;B0;2.26;;
0;B1;2.17;;
0;B2;2.27;;
0;B3;2.14;;
0;B4;2.26;;
0;B5;2.15;;
;;;257.14;22.77
0;B0;2.74;;
0;B1;2.71;;
0;B2;2.78;;
0;B3;2.75;;
0;B4;2.8;;
0;B5;2.73;;
;;;258.52;0.94
0;B0;2.26;;
0;B1;2.17;;
0;B2;2.3;;
0;B3;2.14;;
0;B4;2.28;;
0;B5;2.16;;
;;;258.96;21.16
0;B0;2.71;;
0;B1;2.68;;
0;B2;2.74;;
0;B3;2.71;;
0;B4;2.78;;
0;B5;2.69;;
;;;262.19;0.72
0;B0;2.69;;
0;B1;2.66;;
0;B2;2.73;;
0;B3;2.67;;
0;B4;2.74;;
0;B5;2.67;;
;;;263.01;2.16
0;B0;2.52;;
0;B1;2.44;;
0;B2;2.54;;
0;B3;2.45;;
0;B4;2.55;;
0;B5;2.45;;
;;;265.54;12.66
0;B0;2.72;;
0;B1;2.69;;
0;B2;2.75;;
0;B3;2.7;;
0;B4;2.77;;
0;B5;2.69;;
;;;265.94;1.22
0;B0;2.48;;
0;B1;2.42;;
0;B2;2.51;;
0;B3;2.4;;
0;B4;2.52;;
0;B5;2.4;;
;;;266.39;14.72
0;B0;2.67;;
0;B1;2.64;;
0;B2;2.71;;
0;B3;2.65;;
0;B4;2.73;;
0;B5;2.65;;
;;;268.74;1.55
0;B0;2.69;;
0;B1;2.66;;
0;B2;2.72;;
0;B3;2.66;;
0;B4;2.73;;
0;B5;2.67;;
;;;271.05;1
0;B0;2.53;;
0;B1;2.47;;
0;B2;2.55;;
0;B3;2.46;;
0;B4;2.56;;
0;B5;2.47;;
;;;271.53;10.55
0;B0;2.36;;
0;B1;2.3;;
0;B2;2.38;;
0;B3;2.25;;
0;B4;2.38;;
0;B5;2.25;;
;;;273.8;18.88
0;B0;2.74;;
0;B1;2.73;;
0;B2;2.78;;
0;B3;2.72;;
0;B4;2.8;;
0;B5;2.72;;
;;;275.6;0
0;B0;2.75;;
0;B1;2.74;;
0;B2;2.79;;
0;B3;2.75;;
0;B4;2.81;;
0;B5;2.73;;
;;;275.64;0.72
0;B0;2.25;;
0;B1;2.14;;
0;B2;2.26;;
0;B3;2.04;;
0;B4;2.26;;
0;B5;2.07;;
;;;278.52;20.1
0;B0;2.54;;
0;B1;2.5;;
0;B2;2.57;;
0;B3;2.5;;
0;B4;2.58;;
0;B5;2.48;;
;;;279;8.55
0;B0;2.72;;
0;B1;2.71;;
0;B2;2.77;;
0;B3;2.71;;
0;B4;2.78;;
0;B5;2.71;;
;;;281.7;0
0;B0;2.48;;
0;B1;2.42;;
0;B2;2.5;;
0;B3;2.4;;
0;B4;2.51;;
0;B5;2.41;;
;;;282.44;12.61
0;B0;2.69;;
0;B1;2.68;;
0;B2;2.74;;
0;B3;2.67;;
0;B4;2.76;;
0;B5;2.67;;
;;;284.43;3
0;B0;2.69;;
0;B1;2.66;;
0;B2;2.74;;
0;B3;2.67;;
0;B4;2.74;;
0;B5;2.66;;
;;;285.15;1.94
0;B0;2.73;;
0;B1;2.71;;
0;B2;2.78;;
0;B3;2.72;;
0;B4;2.79;;
0;B5;2.72;;
;;;286.44;0.72
0;B0;2.75;;
0;B1;2.74;;
0;B2;2.8;;
0;B3;2.73;;
0;B4;2.81;;
0;B5;2.74;;
;;;286.55;0
0;B0;2.74;;
0;B1;2.73;;
0;B2;2.78;;
0;B3;2.72;;
0;B4;2.8;;
0;B5;2.73;;
;;;288.24;0.72
0;B0;2.67;;
0;B1;2.63;;
0;B2;2.7;;
0;B3;2.63;;
0;B4;2.74;;
0;B5;2.64;;
;;;288.39;3.61
0;B0;2.55;;
0;B1;2.52;;
0;B2;2.59;;
0;B3;2.49;;
0;B4;2.62;;
0;B5;2.5;;
;;;290.11;8.83
0;B0;2.51;;
0;B1;2.46;;
0;B2;2.53;;
0;B3;2.45;;
0;B4;2.57;;
0;B5;2.45;;
;;;291.31;10.5
0;B0;2.7;;
0;B1;2.68;;
0;B2;2.74;;
0;B3;2.68;;
0;B4;2.77;;
0;B5;2.69;;
;;;295.16;0
0;B0;2.66;;
0;B1;2.65;;
0;B2;2.7;;
0;B3;2.63;;
0;B4;2.8;;
0;B5;2.64;;
;;;295.86;2.22
0;B0;2.61;;
0;B1;2.58;;
0;B2;2.64;;
0;B3;2.56;;
0;B4;2.69;;
0;B5;2.58;;
;;;297.34;5.33
0;B0;2.63;;
0;B1;2.61;;
0;B2;2.67;;
0;B3;2.6;;
0;B4;2.69;;
0;B5;2.61;;
;;;298.78;2.33
0;B0;2.65;;
0;B1;2.67;;
0;B2;2.68;;
0;B3;2.61;;
0;B4;2.78;;
0;B5;2.62;;
;;;299;8.55
0;B0;2.77;;
0;B1;2.76;;
0;B2;2.83;;
0;B3;2.74;;
0;B4;2.89;;
0;B5;2.77;;
;;;300.14;0
0;B0;2.65;;
0;B1;2.62;;
0;B2;2.69;;
0;B3;2.61;;
0;B4;2.7;;
0;B5;2.62;;
;;;300.26;6.22
0;B0;2.78;;
0;B1;2.77;;
0;B2;2.83;;
0;B3;2.76;;
0;B4;2.88;;
0;B5;2.76;;
;;;300.63;0
0;B0;2.19;;
0;B1;2.08;;
0;B2;2.21;;
0;B3;2.08;;
0;B4;2.25;;
0;B5;2.05;;
;;;302.14;26.6
0;B0;2.64;;
0;B1;2.62;;
0;B2;2.68;;
0;B3;2.67;;
0;B4;2.73;;
0;B5;2.61;;
;;;306.94;2.11
0;B0;2.71;;
0;B1;2.69;;
0;B2;2.74;;
0;B3;2.68;;
0;B4;2.79;;
0;B5;2.69;;
;;;307.02;0
0;B0;2.75;;
0;B1;2.74;;
0;B2;2.78;;
0;B3;2.73;;
0;B4;2.81;;
0;B5;2.73;;
;;;307.23;0
0;B0;2.75;;
0;B1;2.74;;
0;B2;2.8;;
0;B3;2.77;;
0;B4;2.86;;
0;B5;2.73;;
;;;307.24;0
0;B0;2.77;;
0;B1;2.77;;
0;B2;2.81;;
0;B3;2.77;;
0;B4;2.83;;
0;B5;2.76;;
;;;307.34;0
0;B0;2.39;;
0;B1;2.34;;
0;B2;2.4;;
0;B3;2.31;;
0;B4;2.42;;
0;B5;2.31;;
;;;314.06;13.61
0;B0;1.92;;
0;B1;1.8;;
0;B2;1.92;;
0;B3;1.74;;
0;B4;1.91;;
0;B5;1.77;;
;;;315.94;33.71
0;B0;2.7;;
0;B1;2.68;;
0;B2;2.75;;
0;B3;2.73;;
0;B4;2.76;;
0;B5;2.69;;
;;;316.42;0
0;B0;2.72;;
0;B1;2.71;;
0;B2;2.75;;
0;B3;2.7;;
0;B4;2.78;;
0;B5;2.7;;
;;;316.42;0
0;B0;1.8;;
0;B1;1.64;;
0;B2;1.79;;
0;B3;1.57;;
0;B4;1.77;;
0;B5;1.61;;
;;;318.17;42.32
0;B0;2.35;;
0;B1;2.29;;
0;B2;2.37;;
0;B3;2.27;;
0;B4;2.38;;
0;B5;2.28;;
;;;321.03;11.94
0;B0;1.98;;
0;B1;1.85;;
0;B2;1.98;;
0;B3;1.81;;
0;B4;2.02;;
0;B5;1.84;;
;;;327.21;29.99
0;B0;2.06;;
0;B1;1.94;;
0;B2;2.05;;
0;B3;1.91;;
0;B4;2.05;;
0;B5;1.93;;
;;;329.44;26.44
0;B0;2.6;;
0;B1;2.57;;
0;B2;2.64;;
0;B3;2.58;;
0;B4;2.66;;
0;B5;2.58;;
;;;334.2;0
0;B0;2.64;;
0;B1;2.62;;
0;B2;2.68;;
0;B3;2.65;;
0;B4;2.69;;
0;B5;2.63;;
;;;334.21;0
0;B0;2.69;;
0;B1;2.69;;
0;B2;2.73;;
0;B3;2.71;;
0;B4;2.75;;
0;B5;2.69;;
;;;334.22;0
0;B0;2.71;;
0;B1;2.7;;
0;B2;2.76;;
0;B3;2.69;;
0;B4;2.76;;
0;B5;2.7;;
;;;334.22;0
0;B0;2.72;;
0;B1;2.72;;
0;B2;2.76;;
0;B3;2.71;;
0;B4;2.78;;
0;B5;2.72;;
;;;334.54;0
0;B0;2.73;;
0;B1;2.73;;
0;B2;2.77;;
0;B3;2.71;;
0;B4;2.78;;
0;B5;2.72;;
;;;334.54;0
0;B0;2.75;;
0;B1;2.75;;
0;B2;2.8;;
0;B3;2.73;;
0;B4;2.8;;
0;B5;2.73;;
;;;334.54;0
0;B0;2.75;;
0;B1;2.74;;
0;B2;2.79;;
0;B3;2.73;;
0;B4;2.8;;
0;B5;2.75;;
;;;334.54;0
0;B0;2.75;;
0;B1;2.74;;
0;B2;2.8;;
0;B3;2.72;;
0;B4;2.82;;
0;B5;2.74;;
;;;334.9;0.72
0;B0;1.92;;
0;B1;1.78;;
0;B2;1.94;;
0;B3;1.73;;
0;B4;1.9;;
0;B5;1.74;;
;;;335.47;36.6
0;B0;1.88;;
0;B1;1.73;;
0;B2;1.89;;
0;B3;1.7;;
0;B4;1.88;;
0;B5;1.71;;
;;;342.36;33.43
0;B0;2.63;;
0;B1;2.62;;
0;B2;2.68;;
0;B3;2.61;;
0;B4;2.71;;
0;B5;2.63;;
;;;343.56;0
0;B0;1.8;;
0;B1;1.65;;
0;B2;1.79;;
0;B3;1.63;;
0;B4;1.77;;
0;B5;1.62;;
;;;346.66;37.66
0;B0;2.06;;
0;B1;1.95;;
0;B2;2.06;;
0;B3;1.92;;
0;B4;2.06;;
0;B5;1.94;;
;;;356.07;23.6
0;B0;2.59;;
0;B1;2.57;;
0;B2;2.62;;
0;B3;2.57;;
0;B4;2.64;;
0;B5;2.57;;
;;;357.07;0
0;B0;2.59;;
0;B1;2.56;;
0;B2;2.62;;
0;B3;2.59;;
0;B4;2.64;;
0;B5;2.58;;
;;;362.19;1.16
0;B0;1.87;;
0;B1;1.74;;
0;B2;1.87;;
0;B3;1.72;;
0;B4;1.85;;
0;B5;1.71;;
;;;362.46;35.32
0;B0;1.85;;
0;B1;1.71;;
0;B2;1.85;;
0;B3;1.66;;
0;B4;1.84;;
0;B5;1.66;;
;;;368.28;35.6
0;B0;2.59;;
0;B1;2.56;;
0;B2;2.63;;
0;B3;2.59;;
0;B4;2.64;;
0;B5;2.58;;
;;;369.76;0
0;B0;2.61;;
0;B1;2.59;;
0;B2;2.65;;
0;B3;2.6;;
0;B4;2.7;;
0;B5;2.6;;
;;;373.51;0
0;B0;2.64;;
0;B1;2.63;;
0;B2;2.69;;
0;B3;2.64;;
0;B4;2.72;;
0;B5;2.64;;
;;;374.79;0
0;B0;2.67;;
0;B1;2.66;;
0;B2;2.71;;
0;B3;2.66;;
0;B4;2.72;;
0;B5;2.67;;
;;;374.81;0
0;B0;2.67;;
0;B1;2.67;;
0;B2;2.73;;
0;B3;2.69;;
0;B4;2.76;;
0;B5;2.68;;
;;;375.96;1.28
0;B0;2.69;;
0;B1;2.69;;
0;B2;2.74;;
0;B3;2.68;;
0;B4;2.74;;
0;B5;2.69;;
;;;375.96;0
0;B0;2.71;;
0;B1;2.72;;
0;B2;2.76;;
0;B3;2.7;;
0;B4;2.77;;
0;B5;2.71;;
;;;375.96;0
0;B0;2.71;;
0;B1;2.72;;
0;B2;2.78;;
0;B3;2.71;;
0;B4;2.78;;
0;B5;2.72;;
;;;375.96;0
0;B0;2.73;;
0;B1;2.73;;
0;B2;2.79;;
0;B3;2.71;;
0;B4;2.79;;
0;B5;2.73;;
;;;375.96;0
0;B0;2.73;;
0;B1;2.74;;
0;B2;2.77;;
0;B3;2.75;;
0;B4;2.78;;
0;B5;2.73;;
;;;375.96;0
0;B0;2.51;;
0;B1;2.5;;
0;B2;2.56;;
0;B3;2.49;;
0;B4;2.54;;
0;B5;2.5;;
;;;376.24;9.05
0;B0;2.68;;
0;B1;2.68;;
0;B2;2.73;;
0;B3;2.68;;
0;B4;2.74;;
0;B5;2.68;;
;;;376.66;2.55
0;B0;2.72;;
0;B1;2.73;;
0;B2;2.78;;
0;B3;2.72;;
0;B4;2.79;;
0;B5;2.74;;
;;;377.17;0
0;B0;2.72;;
0;B1;2.74;;
0;B2;2.79;;
0;B3;2.73;;
0;B4;2.78;;
0;B5;2.74;;
;;;377.17;0
0;B0;2.73;;
0;B1;2.76;;
0;B2;2.8;;
0;B3;2.73;;
0;B4;2.8;;
0;B5;2.75;;
;;;377.17;0
0;B0;2.74;;
0;B1;2.76;;
0;B2;2.8;;
0;B3;2.77;;
0;B4;2.8;;
0;B5;2.75;;
;;;377.17;0
0;B0;2.74;;
0;B1;2.76;;
0;B2;2.79;;
0;B3;2.74;;
0;B4;2.8;;
0;B5;2.75;;
;;;377.17;0
0;B0;2.69;;
0;B1;2.7;;
0;B2;2.75;;
0;B3;2.67;;
0;B4;2.75;;
0;B5;2.68;;
;;;377.53;2.72
0;B0;2.69;;
0;B1;2.7;;
0;B2;2.73;;
0;B3;2.66;;
0;B4;2.74;;
0;B5;2.67;;
;;;377.87;2.33
0;B0;2.74;;
0;B1;2.77;;
0;B2;2.8;;
0;B3;2.77;;
0;B4;2.81;;
0;B5;2.75;;
;;;378.02;0
0;B0;2.75;;
0;B1;2.77;;
0;B2;2.8;;
0;B3;2.75;;
0;B4;2.82;;
0;B5;2.75;;
;;;378.02;0
0;B0;2.75;;
0;B1;2.78;;
0;B2;2.81;;
0;B3;2.76;;
0;B4;2.85;;
0;B5;2.76;;
;;;378.02;0
0;B0;2.75;;
0;B1;2.77;;
0;B2;2.81;;
0;B3;2.74;;
0;B4;2.81;;
0;B5;2.76;;
;;;378.02;0
0;B0;2.63;;
0;B1;2.63;;
0;B2;2.67;;
0;B3;2.62;;
0;B4;2.68;;
0;B5;2.61;;
;;;378.26;5.11
0;B0;2.74;;
0;B1;2.76;;
0;B2;2.8;;
0;B3;2.73;;
0;B4;2.81;;
0;B5;2.74;;
;;;378.77;0
0;B0;2.74;;
0;B1;2.77;;
0;B2;2.79;;
0;B3;2.75;;
0;B4;2.8;;
0;B5;2.74;;
;;;378.78;0
0;B0;2.76;;
0;B1;2.78;;
0;B2;2.81;;
0;B3;2.74;;
0;B4;2.85;;
0;B5;2.76;;
;;;378.81;0
0;B0;2.75;;
0;B1;2.77;;
0;B2;2.8;;
0;B3;2.77;;
0;B4;2.82;;
0;B5;2.76;;
;;;378.81;0
0;B0;2.45;;
0;B1;2.42;;
0;B2;2.49;;
0;B3;2.39;;
0;B4;2.49;;
0;B5;2.4;;
;;;379.93;14.33
0;B0;2.73;;
0;B1;2.74;;
0;B2;2.78;;
0;B3;2.76;;
0;B4;2.81;;
0;B5;2.73;;
;;;380.1;0
0;B0;2.71;;
0;B1;2.73;;
0;B2;2.76;;
0;B3;2.71;;
0;B4;2.79;;
0;B5;2.72;;
;;;381.95;1.33
0;B0;2.63;;
0;B1;2.62;;
0;B2;2.66;;
0;B3;2.65;;
0;B4;2.69;;
0;B5;2.62;;
;;;387;0.72
0;B0;2.03;;
0;B1;1.9;;
0;B2;2.04;;
0;B3;1.86;;
0;B4;2.08;;
0;B5;1.87;;
;;;387.71;30.27
0;B0;2.56;;
0;B1;2.53;;
0;B2;2.6;;
0;B3;2.61;;
0;B4;2.63;;
0;B5;2.57;;
;;;396.1;0
0;B0;2.62;;
0;B1;2.61;;
0;B2;2.66;;
0;B3;2.63;;
0;B4;2.73;;
0;B5;2.62;;
;;;399.22;0.83
0;B0;2.07;;
0;B1;1.96;;
0;B2;2.05;;
0;B3;1.93;;
0;B4;2.07;;
0;B5;1.95;;
;;;400.76;27.1
0;B0;2.58;;
0;B1;2.55;;
0;B2;2.62;;
0;B3;2.57;;
0;B4;2.63;;
0;B5;2.57;;
;;;407.26;0.72
0;B0;1.94;;
0;B1;1.82;;
0;B2;1.95;;
0;B3;1.81;;
0;B4;1.98;;
0;B5;1.8;;
;;;407.5;33.77
0;B0;2.29;;
0;B1;2.22;;
0;B2;2.33;;
0;B3;2.24;;
0;B4;2.35;;
0;B5;2.24;;
;;;411.79;13.88
0;B0;2.57;;
0;B1;2.54;;
0;B2;2.6;;
0;B3;2.55;;
0;B4;2.62;;
0;B5;2.56;;
;;;413.2;1.28
0;B0;2.61;;
0;B1;2.6;;
0;B2;2.65;;
0;B3;2.62;;
0;B4;2.67;;
0;B5;2.61;;
;;;416.44;0
0;B0;1.75;;
0;B1;1.59;;
0;B2;1.74;;
0;B3;1.55;;
0;B4;1.74;;
0;B5;1.58;;
;;;418.39;40.15
0;B0;1.85;;
0;B1;1.68;;
0;B2;1.85;;
0;B3;1.68;;
0;B4;1.83;;
0;B5;1.7;;
;;;423.32;36.99
0;B0;2.6;;
0;B1;2.59;;
0;B2;2.64;;
0;B3;2.6;;
0;B4;2.67;;
0;B5;2.6;;
;;;423.6;0
0;B0;2.11;;
0;B1;1.98;;
0;B2;2.09;;
0;B3;2.01;;
0;B4;2.08;;
0;B5;1.96;;
;;;426.75;23.77
0;B0;2.64;;
0;B1;2.63;;
0;B2;2.7;;
0;B3;2.64;;
0;B4;2.7;;
0;B5;2.65;;
;;;429.88;0
0;B0;2.65;;
0;B1;2.65;;
0;B2;2.71;;
0;B3;2.66;;
0;B4;2.72;;
0;B5;2.66;;
;;;429.89;0
0;B0;2.68;;
0;B1;2.69;;
0;B2;2.73;;
0;B3;2.69;;
0;B4;2.76;;
0;B5;2.69;;
;;;429.89;0
0;B0;2.68;;
0;B1;2.7;;
0;B2;2.75;;
0;B3;2.69;;
0;B4;2.75;;
0;B5;2.7;;
;;;429.89;0
0;B0;2.69;;
0;B1;2.71;;
0;B2;2.75;;
0;B3;2.71;;
0;B4;2.78;;
0;B5;2.71;;
;;;429.89;0
0;B0;2.58;;
0;B1;2.56;;
0;B2;2.63;;
0;B3;2.59;;
0;B4;2.63;;
0;B5;2.58;;
;;;438.41;0
0;B0;2.61;;
0;B1;2.61;;
0;B2;2.66;;
0;B3;2.62;;
0;B4;2.67;;
0;B5;2.63;;
;;;438.41;0
0;B0;2.67;;
0;B1;2.67;;
0;B2;2.72;;
0;B3;2.67;;
0;B4;2.74;;
0;B5;2.67;;
;;;438.41;0
0;B0;1.71;;
0;B1;1.55;;
0;B2;1.68;;
0;B3;1.49;;
0;B4;1.67;;
0;B5;1.5;;
;;;440.6;43.49
0;B0;2.5;;
0;B1;2.47;;
0;B2;2.53;;
0;B3;2.47;;
0;B4;2.55;;
0;B5;2.44;;
;;;442.2;8
0;B0;2.64;;
0;B1;2.63;;
0;B2;2.67;;
0;B3;2.65;;
0;B4;2.7;;
0;B5;2.64;;
;;;445.97;0
0;B0;2.02;;
0;B1;1.92;;
0;B2;2.03;;
0;B3;1.87;;
0;B4;2.01;;
0;B5;1.88;;
;;;446.49;30.05
0;B0;2.5;;
0;B1;2.47;;
0;B2;2.54;;
0;B3;2.46;;
0;B4;2.53;;
0;B5;2.48;;
;;;447.5;7.66
0;B0;2.67;;
0;B1;2.66;;
0;B2;2.72;;
0;B3;2.67;;
0;B4;2.72;;
0;B5;2.67;;
;;;447.81;0
0;B0;2.61;;
0;B1;2.61;;
0;B2;2.66;;
0;B3;2.61;;
0;B4;2.67;;
0;B5;2.61;;
;;;448.32;3.83
0;B0;2.27;;
0;B1;2.2;;
0;B2;2.29;;
0;B3;2.16;;
0;B4;2.25;;
0;B5;2.19;;
;;;448.76;15.61
0;B0;2.61;;
0;B1;2.6;;
0;B2;2.66;;
0;B3;2.61;;
0;B4;2.67;;
0;B5;2.61;;
;;;455.59;0
0;B0;2.59;;
0;B1;2.57;;
0;B2;2.63;;
0;B3;2.59;;
0;B4;2.63;;
0;B5;2.58;;
;;;455.61;4.44
0;B0;2.61;;
0;B1;2.58;;
0;B2;2.64;;
0;B3;2.61;;
0;B4;2.66;;
0;B5;2.6;;
;;;462.28;0
0;B0;2.42;;
0;B1;2.37;;
0;B2;2.44;;
0;B3;2.37;;
0;B4;2.46;;
0;B5;2.38;;
;;;463.31;8.05
0;B0;2.42;;
0;B1;2.36;;
0;B2;2.45;;
0;B3;2.37;;
0;B4;2.48;;
0;B5;2.38;;
;;;467;10
0;B0;1.8;;
0;B1;1.65;;
0;B2;1.79;;
0;B3;1.63;;
0;B4;1.79;;
0;B5;1.63;;
;;;469.34;38.16
0;B0;1.81;;
0;B1;1.65;;
0;B2;1.81;;
0;B3;1.63;;
0;B4;1.79;;
0;B5;1.64;;
;;;472.44;32.05
0;B0;2.61;;
0;B1;2.6;;
0;B2;2.67;;
0;B3;2.61;;
0;B4;2.7;;
0;B5;2.61;;
;;;473.07;1.16
0;B0;2.58;;
0;B1;2.54;;
0;B2;2.61;;
0;B3;2.58;;
0;B4;2.63;;
0;B5;2.57;;
;;;478.67;0
0;B0;2.61;;
0;B1;2.58;;
0;B2;2.65;;
0;B3;2.62;;
0;B4;2.66;;
0;B5;2.61;;
;;;478.69;0.94
0;B0;1.99;;
0;B1;1.85;;
0;B2;1.99;;
0;B3;1.83;;
0;B4;2;;
0;B5;1.87;;
;;;480.76;27.21
0;B0;2.6;;
0;B1;2.57;;
0;B2;2.65;;
0;B3;2.61;;
0;B4;2.67;;
0;B5;2.6;;
;;;482;0
0;B0;2.66;;
0;B1;2.64;;
0;B2;2.71;;
0;B3;2.65;;
0;B4;2.71;;
0;B5;2.66;;
;;;482;0
0;B0;2.67;;
0;B1;2.65;;
0;B2;2.73;;
0;B3;2.67;;
0;B4;2.74;;
0;B5;2.67;;
;;;482.37;0
0;B0;2.4;;
0;B1;2.33;;
0;B2;2.44;;
0;B3;2.35;;
0;B4;2.44;;
0;B5;2.34;;
;;;485.51;10.16
0;B0;2.65;;
0;B1;2.63;;
0;B2;2.69;;
0;B3;2.64;;
0;B4;2.7;;
0;B5;2.65;;
;;;485.76;0
0;B0;2.4;;
0;B1;2.36;;
0;B2;2.43;;
0;B3;2.35;;
0;B4;2.44;;
0;B5;2.35;;
;;;487.79;11.27
0;B0;2.65;;
0;B1;2.63;;
0;B2;2.7;;
0;B3;2.65;;
0;B4;2.72;;
0;B5;2.65;;
;;;488.07;0
0;B0;1.79;;
0;B1;1.65;;
0;B2;1.78;;
0;B3;1.61;;
0;B4;1.8;;
0;B5;1.64;;
;;;492.06;36.16
0;B0;1.82;;
0;B1;1.65;;
0;B2;1.8;;
0;B3;1.63;;
0;B4;1.81;;
0;B5;1.65;;
;;;494.57;34.05
0;B0;2.3;;
0;B1;2.2;;
0;B2;2.31;;
0;B3;2.24;;
0;B4;2.27;;
0;B5;2.22;;
;;;497.79;14.77
0;B0;2.55;;
0;B1;2.53;;
0;B2;2.6;;
0;B3;2.55;;
0;B4;2.61;;
0;B5;2.54;;
;;;498.37;2.61
0;B0;1.85;;
0;B1;1.69;;
0;B2;1.83;;
0;B3;1.68;;
0;B4;1.84;;
0;B5;1.67;;
;;;501.3;32.88
0;B0;2.6;;
0;B1;2.57;;
0;B2;2.64;;
0;B3;2.6;;
0;B4;2.66;;
0;B5;2.6;;
;;;502;0
0;B0;2.49;;
0;B1;2.44;;
0;B2;2.53;;
0;B3;2.48;;
0;B4;2.56;;
0;B5;2.46;;
;;;502.99;6.83
0;B0;2.3;;
0;B1;2.3;;
0;B2;2.39;;
0;B3;2.23;;
0;B4;2.33;;
0;B5;2.24;;
;;;503.1;16.05
0;B0;1.81;;
0;B1;1.63;;
0;B2;1.79;;
0;B3;1.62;;
0;B4;1.8;;
0;B5;1.64;;
;;;508.07;34.66
0;B0;1.76;;
0;B1;1.66;;
0;B2;1.82;;
0;B3;1.65;;
0;B4;1.81;;
0;B5;1.66;;
;;;520.42;32.93
0;B0;1.91;;
0;B1;1.84;;
0;B2;1.99;;
0;B3;1.86;;
0;B4;2;;
0;B5;1.87;;
;;;522.61;24.38
0;B0;2.54;;
0;B1;2.59;;
0;B2;2.66;;
0;B3;2.63;;
0;B4;2.68;;
0;B5;2.63;;
;;;523.8;1.33
0;B0;2.57;;
0;B1;2.63;;
0;B2;2.7;;
0;B3;2.66;;
0;B4;2.71;;
0;B5;2.66;;
;;;523.8;0.72
0;B0;2.59;;
0;B1;2.65;;
0;B2;2.72;;
0;B3;2.68;;
0;B4;2.73;;
0;B5;2.67;;
;;;523.8;0
0;B0;2.6;;
0;B1;2.67;;
0;B2;2.73;;
0;B3;2.7;;
0;B4;2.74;;
0;B5;2.69;;
;;;523.8;0
0;B0;2.61;;
0;B1;2.68;;
0;B2;2.75;;
0;B3;2.71;;
0;B4;2.75;;
0;B5;2.7;;
;;;523.8;0
0;B0;2.62;;
0;B1;2.69;;
0;B2;2.76;;
0;B3;2.72;;
0;B4;2.76;;
0;B5;2.71;;
;;;523.8;0
0;B0;2.62;;
0;B1;2.7;;
0;B2;2.77;;
0;B3;2.7;;
0;B4;2.76;;
0;B5;2.71;;
;;;523.83;0
0;B0;1.92;;
0;B1;1.86;;
0;B2;2;;
0;B3;1.86;;
0;B4;2.01;;
0;B5;1.88;;
;;;529.21;27.55
0;B0;2.52;;
0;B1;2.57;;
0;B2;2.65;;
0;B3;2.6;;
0;B4;2.66;;
0;B5;2.61;;
;;;530.68;0
0;B0;2.57;;
0;B1;2.64;;
0;B2;2.7;;
0;B3;2.65;;
0;B4;2.72;;
0;B5;2.66;;
;;;530.68;0
0;B0;2.58;;
0;B1;2.65;;
0;B2;2.73;;
0;B3;2.69;;
0;B4;2.76;;
0;B5;2.67;;
;;;530.68;0
0;B0;1.66;;
0;B1;1.55;;
0;B2;1.73;;
0;B3;1.52;;
0;B4;1.74;;
0;B5;1.53;;
;;;532.37;45.26
0;B0;1.72;;
0;B1;1.62;;
0;B2;1.77;;
0;B3;1.59;;
0;B4;1.78;;
0;B5;1.61;;
;;;535.75;38.27
0;B0;2.54;;
0;B1;2.58;;
0;B2;2.66;;
0;B3;2.61;;
0;B4;2.68;;
0;B5;2.63;;
;;;538.85;0
0;B0;2.56;;
0;B1;2.61;;
0;B2;2.68;;
0;B3;2.66;;
0;B4;2.72;;
0;B5;2.64;;
;;;538.85;0
0;B0;2.59;;
0;B1;2.65;;
0;B2;2.72;;
0;B3;2.67;;
0;B4;2.75;;
0;B5;2.68;;
;;;538.85;0
0;B0;2.6;;
0;B1;2.66;;
0;B2;2.73;;
0;B3;2.67;;
0;B4;2.74;;
0;B5;2.68;;
;;;538.85;0
0;B0;2.62;;
0;B1;2.67;;
0;B2;2.74;;
0;B3;2.69;;
0;B4;2.77;;
0;B5;2.7;;
;;;538.85;0
0;B0;2.62;;
0;B1;2.68;;
0;B2;2.75;;
0;B3;2.71;;
0;B4;2.75;;
0;B5;2.7;;
;;;538.85;0
0;B0;2.54;;
0;B1;2.59;;
0;B2;2.67;;
0;B3;2.61;;
0;B4;2.71;;
0;B5;2.62;;
;;;540.67;1.11
0;B0;2.43;;
0;B1;2.47;;
0;B2;2.56;;
0;B3;2.47;;
0;B4;2.58;;
0;B5;2.49;;
;;;541.23;7.11
0;B0;2.62;;
0;B1;2.66;;
0;B2;2.73;;
0;B3;2.7;;
0;B4;2.74;;
0;B5;2.69;;
;;;542.49;0
0;B0;2.6;;
0;B1;2.65;;
0;B2;2.72;;
0;B3;2.68;;
0;B4;2.73;;
0;B5;2.66;;
;;;542.57;2.05
0;B0;2.3;;
0;B1;2.3;;
0;B2;2.36;;
0;B3;2.24;;
0;B4;2.34;;
0;B5;2.29;;
;;;542.9;10.5
0;B0;2.56;;
0;B1;2.59;;
0;B2;2.66;;
0;B3;2.62;;
0;B4;2.69;;
0;B5;2.62;;
;;;546.87;0
0;B0;2.59;;
0;B1;2.63;;
0;B2;2.7;;
0;B3;2.67;;
0;B4;2.73;;
0;B5;2.65;;
;;;546.87;0
0;B0;1.88;;
0;B1;1.8;;
0;B2;1.95;;
0;B3;1.79;;
0;B4;1.96;;
0;B5;1.81;;
;;;550.82;31.99
0;B0;1.76;;
0;B1;1.64;;
0;B2;1.8;;
0;B3;1.66;;
0;B4;1.84;;
0;B5;1.65;;
;;;553.3;34.82
0;B0;2.52;;
0;B1;2.54;;
0;B2;2.62;;
0;B3;2.61;;
0;B4;2.65;;
0;B5;2.58;;
;;;557.09;0.94
0;B0;2.6;;
0;B1;2.61;;
0;B2;2.7;;
0;B3;2.67;;
0;B4;2.71;;
0;B5;2.65;;
;;;557.82;0
0;B0;2.63;;
0;B1;2.66;;
0;B2;2.73;;
0;B3;2.69;;
0;B4;2.77;;
0;B5;2.67;;
;;;557.82;0
0;B0;2.63;;
0;B1;2.66;;
0;B2;2.73;;
0;B3;2.69;;
0;B4;2.75;;
0;B5;2.69;;
;;;557.82;0
